start	end	text
0	5420	Welcome to The Explainer. We're all about taking really complex ideas and breaking them down into
5420	12840	presentations that are clear, dynamic, and, well, make sense. Okay, let's just jump right in. Have
12840	19340	you ever noticed how some of our smartest, most complex systems still need a babysitter? We're
19340	23840	going to dive into this hidden pattern that, believe it or not, shows up in some really
23840	29140	unexpected places. So to kick things off, we're going to look at three puzzles that seem totally
29140	34120	unrelated. I mean, we're talking about everything from the tiny chips in your phone all the way out
34120	40100	to the expansion of the entire cosmos. But as you'll see, each one has this kind of ghost in the
40100	46100	machine, some outside force that's needed just to keep things running smoothly. All right, first up,
46240	51520	computers. You know, at their core, they're built on pure, timeless logic, right? Stuff that should
51520	57460	just work on its own. But here's the weird part. In the real world, those circuits can't actually
57460	62960	trust themselves. They need an external clock, this constant tick-tock telling them exactly when
62960	69620	to act. Without it, you get errors. So why on earth does a system built on pure logic need this
69620	74580	non-logical babysitter just to keep order? And believe it or not, it's pretty much the same
74580	79900	story when you look at the entire universe. I mean, everything we know about gravity says it should be
79900	84920	pulling everything together, right? The expansion of the universe should be slowing down, maybe even
84920	90360	collapsing back in on itself. But that's not what's happening. Instead, it's speeding up. And
90360	95540	to explain this, we've basically had to invent this mysterious thing called dark energy as a
95540	101260	placeholder, a cosmic push that our model just doesn't account for. And this pattern, it gets
101260	106100	even closer to home. It's in our own minds. You know the whole idea of catharsis, right? That
106100	110840	venting your anger is supposed to make you feel better? Well, it turns out that a lot of the time,
110840	115140	it does the exact opposite. It just creates this feedback loop that makes you even angrier.
115540	120960	It's like our own emotions, left to run wild, need that same external minder. You know, a conscious
120960	127880	choice to step back, just to break the cycle. So you see the pattern here. The circuit, the cosmos,
128320	135260	our own minds. In every single case, the system as we see it is incomplete. It's relying on some kind
135260	140220	of external minder, a clock, a mysterious energy, a conscious effort, just to work the way it's
140220	145180	supposed to. So to really get to the bottom of this, we're going to borrow a really brilliant
145180	150520	idea from computer science. It's called null convention logic. And it's so powerful because
150520	155680	it basically sets up a brand new rule, a new convention for how a system can deal with its
155680	161540	own incompleteness. The whole thing hinges on this idea of the null state. Now, this isn't true,
161540	167240	and it's not false. It's not nothing either. Think of it as a third option, a special signal
167240	171840	that basically says, hey, hold on a second. I'm not ready yet. I don't have all the info,
171940	176380	so I'm not going to do anything. It's like a built-in pause button for the system itself.
176940	182160	And what's cool is we use this kind of in-between logic all the time in our daily lives, and we don't
182160	187560	even realize it. A yellow traffic light, right? It's not stop. It's not go. It's a warning that a
187560	191960	change is coming. It's an incomplete state. Or a learner's permit. It's not a full license,
192040	196300	but it's not nothing, is it? It's a way of saying, okay, I'm partially ready, but not all the way
196300	203340	there yet. And this, right here, is where the whole perspective shifts. Suddenly, being incomplete
203340	209220	isn't a bug or a flaw that you need some outside force to fix. No, it becomes a feature. It's a
209220	213500	critical piece of information that the system itself can use to manage its own operations from
213500	219680	the inside. All right, so how does this idea of self-management really scale up? Let's see how
219680	224800	this exact same logic can take us from one tiny little circuit all the way out to the entire cosmos.
225460	230480	And in doing that, we might just answer the biggest question of all. How can any system truly learn to
230480	237320	run itself? The source material we looked at for this just nails it. It says, standard logic circuits
237320	242920	are like a math problem without any parentheses. You need a person, an engineering human with a pencil,
242920	248380	or, you know, a clock as a stand-in, to tell it what to do first. Without that guidance from the
248380	254600	outside, it's just chaos. But, and this is the cool part, circuits that are built with this logic
254600	259700	of in-between, they don't need any of that. By using that null state, they can coordinate with
259700	263460	each other. They literally tell the other parts when they're ready for new data and when they're
263460	268880	done processing. They basically dehumanize themselves, managing their own information flow
268880	275220	perfectly all on their own. And this is where we make the big leap. A really stunning idea.
275880	281600	What if the universe itself operates on this same principle? What if it's like one giant
281600	287540	self-coordinating circuit? What if it doesn't need an external fix like dark energy to explain why it's
287540	293480	expanding? Okay, let's think about gravity. We all get this intuitively, right? For matter, like a rock
293480	299420	or a planet or you, downhill is always inward. Gravity pulls things together. Simple enough.
300080	306540	But what about the vacuum? The empty space between everything? Well, it has energy too. And for the
306540	314080	vacuum, the path of least resistance, it's downhill, isn't inward. It's outward. So get this. The
314080	319900	universe isn't being pushed apart by some weird, mysterious force. It's falling. It's falling
319900	325800	outward into a state where its own gravitational energy is lower. And here's the most beautiful,
326120	331220	elegant part of the whole idea. The process fuels itself. The energy that gets released when the
331220	336360	universe falls outward is the exact amount of energy needed to create the new space it's falling into.
337040	342920	It's a perfect loop. A self-generating, self-sustaining system. Absolutely no external minder needed.
343440	349040	So what's the big takeaway here? What do we learn by connecting a simple computer chip to the entire
349040	355400	cosmos? Well, it's about a really fundamental principle, a deep truth about how any complex
355400	362940	system can become stable and ultimately autonomous. It all boils down to this. Any complex system has a
362940	369200	fundamental choice. Option one, you can rely on an external minder. You know, a clock for your circuit,
369560	374720	some mysterious energy for the universe, a conscious effort to calm down your anger. But that always
374720	380880	creates a hidden dependency. Or there's option two. You can build the rules for coordination
380880	387100	into the system itself. And when you do that, you get true autonomy. And that leaves us with a pretty
387100	392460	provocative thought, doesn't it? This whole idea suggests we should probably take a closer look at
392460	399040	the world around us. Because if a system as massive and complex as the universe can run itself without any
399040	404700	help from the outside, well, then what else are we constantly trying to fix that isn't actually
404700	410200	broken? Maybe, just maybe, we haven't taken the time to understand its own internal logic.
