path	decision	reason
Abstraction as Reduction - colophon.pdf	keep	internal reference
Abstraction as Reduction.pdf	keep	internal reference
Admissible Histories - Cognition.pdf	keep	internal reference
Admissible Histories - Computational Biology.pdf	keep	internal reference
Admissible Histories - Neurocomputing.pdf	keep	internal reference
Admissible Histories - draft 01.pdf	keep	internal reference
Admissible Histories.pdf	keep	internal reference
Alliterative Programming.mhtml	keep	internal reference
Alternative Technology Trees.mhtml	keep	internal reference
Autobiographical Notes.mhtml	keep	internal reference
Cipher of Silence.mhtml	keep	internal reference
Coherence Before Engagement.pdf	keep	internal reference
Counterfactual Explanation as Perceptual Control.pdf	keep	internal reference
Critical Resistance.mhtml	keep	internal reference
Dark Mode Conversion.mhtml	keep	internal reference
Definition Of Art.mhtml	keep	internal reference
Embodied Constraint.pdf	keep	internal reference
Flower Wars - Bounded Violence.pdf	keep	internal reference
Flower Wars - Compendium.pdf	keep	internal reference
Flower Wars - Draft 01.pdf	keep	internal reference
Flower Wars.pdf	keep	internal reference
From Minerals to Minds.pdf	keep	internal reference
Move Files to Dark Mode.mhtml	keep	internal reference
Neural Commit Semantics - draft 01.pdf	keep	internal reference
Neural Commit Semantics.pdf	keep	internal reference
Never-Predict-Noise.pdf	keep	internal reference
Pixelation and Aesthetic Evolution.mhtml	keep	internal reference
SITH Theory.pdf	keep	internal reference
Spectacle Runtime - draft 01.pdf	keep	internal reference
Spectacle Runtime - draft 01.toc	keep	internal reference
Spectacle Runtime.pdf	keep	internal reference
Spectacle Runtime.toc	keep	internal reference
Sproll Readers.mhtml	keep	internal reference
Survival Guide.mhtml	keep	internal reference
Technosocietal Constructs.mhtml	keep	internal reference
The Ecology of Neoteny - draft 02.pdf	keep	internal reference
The Ecology of Neoteny - draft 02.toc	keep	internal reference
The Ecology of Neoteny - draft 03.pdf	keep	internal reference
The Ecology of Neoteny - draft 03.toc	keep	internal reference
The Ecology of Neoteny.pdf	keep	internal reference
The Ecology of Neoteny.toc	keep	internal reference
The Genius of Silence.pdf	keep	internal reference
The Incoherence - draft 01.pdf	keep	internal reference
The Incoherence.pdf	keep	internal reference
The Mortality of Computation.pdf	keep	internal reference
Topological Phase Cognition.mhtml	keep	internal reference
UNIX Overview and Topics.mhtml	keep	internal reference
Ultrabionic Reading.mhtml	keep	internal reference
Vorticon Vision.mhtml	keep	internal reference
aphantasia/extending-aphantasia-essay.aux	delete	aggressive cleanup candidate
aphantasia/extending-aphantasia-essay.log	delete	aggressive cleanup candidate
aphantasia/extending-aphantasia-essay.out	delete	aggressive cleanup candidate
aphantasia/quantum-spherepop.aux	delete	aggressive cleanup candidate
aphantasia/quantum-spherepop.log	delete	aggressive cleanup candidate
aphantasia/quantum-spherepop.out	delete	aggressive cleanup candidate
aphantasia/quantum-spherepop.toc	delete	aggressive cleanup candidate
attention-essay.pdf	keep	internal reference
cognition-research/Constraint-Limited Cognition.mhtml	delete	aggressive cleanup candidate
cognition-research/Holism vs Reductionism.mhtml	delete	aggressive cleanup candidate
cognition-research/Planning and Interpretability.mhtml	delete	aggressive cleanup candidate
cognition-research/essay/monograph.aux	delete	aggressive cleanup candidate
cognition-research/essay/monograph.log	delete	aggressive cleanup candidate
cognition-research/essay/monograph.out	delete	aggressive cleanup candidate
constructor-theory/Cognitive Modality Enforcement by AI Interfaces.mhtml	delete	aggressive cleanup candidate
constructor-theory/David Deutsch Knowledge Creation.mhtml	delete	aggressive cleanup candidate
constructor-theory/Meta AI Glasses Threat.mhtml	delete	aggressive cleanup candidate
constructor-theory/Ontological Polycompilation.mhtml	delete	aggressive cleanup candidate
constructor-theory/Ontological Polycompiler Applications.mhtml	delete	aggressive cleanup candidate
constructor-theory/Polycompilation Framework_ Formal, Applied, and Philosophical Perspectives.mhtml	delete	aggressive cleanup candidate
constructor-theory/_BPES_ Neuro-Symbolic AI Parsing Evolution_.mhtml	delete	aggressive cleanup candidate
de-architechtura.pdf	keep	internal reference
de-architectura.pdf	keep	internal reference
economics/Scalar-Extraction-v02.aux	delete	aggressive cleanup candidate
economics/Scalar-Extraction-v02.log	delete	aggressive cleanup candidate
economics/Scalar-Extraction-v02.out	delete	aggressive cleanup candidate
economics/Scalar-Extraction-v02.toc	delete	aggressive cleanup candidate
essay/background/Analogies and metaphors comparison.mhtml	delete	aggressive cleanup candidate
essay/background/Anti-tech blog paradox.mhtml	delete	aggressive cleanup candidate
essay/background/Bit example in fruit world.mhtml	delete	aggressive cleanup candidate
essay/background/Consolidate appendices.mhtml	delete	aggressive cleanup candidate
essay/background/EAIMR_ Information Theory Application.mhtml	delete	aggressive cleanup candidate
essay/background/Field-theoretic RSVP model.mhtml	delete	aggressive cleanup candidate
essay/background/Historical Roots to Field-Theoretic Society.mhtml	delete	aggressive cleanup candidate
essay/background/Mark S Miller contributions.mhtml	delete	aggressive cleanup candidate
essay/background/Praxicon concept breakdown.mhtml	delete	aggressive cleanup candidate
essay/background/RSVP project organization.mhtml	delete	aggressive cleanup candidate
essay/background/RSVP_ Semantic Fields and Cognitive Sovereignty.mhtml	delete	aggressive cleanup candidate
essay/background/Silicon Valley critique.mhtml	delete	aggressive cleanup candidate
essay/background/Tech Companies_ Attention to Revenue Conversion.mhtml	delete	aggressive cleanup candidate
essay/background/Toda Cave discovery.mhtml	delete	aggressive cleanup candidate
essay/background/Winteryear Studios history.mhtml	delete	aggressive cleanup candidate
essay/draft-01/monograph.aux	delete	aggressive cleanup candidate
essay/draft-01/monograph.log	delete	aggressive cleanup candidate
essay/draft-01/monograph.out	delete	aggressive cleanup candidate
essay/draft-02/monograph.aux	delete	aggressive cleanup candidate
essay/draft-02/monograph.log	delete	aggressive cleanup candidate
essay/draft-02/monograph.out	delete	aggressive cleanup candidate
essay/draft-03/monograph.aux	delete	aggressive cleanup candidate
essay/draft-03/monograph.log	delete	aggressive cleanup candidate
essay/drafts/monograph (5).tex	delete	aggressive cleanup candidate
essay/drafts/monograph (6).tex	delete	aggressive cleanup candidate
essay/drafts/monograph (7).tex	delete	aggressive cleanup candidate
essay/drafts/monograph (8).tex	delete	aggressive cleanup candidate
essay/drafts/reference.txt (1).bib	delete	aggressive cleanup candidate
essay/drafts/reference.txt (2).bib	delete	aggressive cleanup candidate
essay/drafts/reference.txt (3).bib	delete	aggressive cleanup candidate
essay/monograph.aux	delete	aggressive cleanup candidate
essay/monograph.log	delete	aggressive cleanup candidate
essay/monograph.out	delete	aggressive cleanup candidate
example/corrections.log	delete	aggressive cleanup candidate
example/draft/recursive-continuation.aux	delete	aggressive cleanup candidate
example/draft/recursive-continuation.log	delete	aggressive cleanup candidate
example/draft/recursive-continuation.out	delete	aggressive cleanup candidate
example/draft/recursive-continuation.toc	delete	aggressive cleanup candidate
example/hidden-files/against-eventless-ontology.aux	delete	aggressive cleanup candidate
example/hidden-files/against-eventless-ontology.log	delete	aggressive cleanup candidate
example/hidden-files/against-eventless-ontology.out	delete	aggressive cleanup candidate
example/hidden-files/compression-of-expertise.aux	delete	aggressive cleanup candidate
example/hidden-files/compression-of-expertise.log	delete	aggressive cleanup candidate
example/hidden-files/compression-of-expertise.out	delete	aggressive cleanup candidate
example/hidden-files/ecology-of-constraints.aux	delete	aggressive cleanup candidate
example/hidden-files/ecology-of-constraints.log	delete	aggressive cleanup candidate
example/hidden-files/ecology-of-constraints.out	delete	aggressive cleanup candidate
example/hidden-files/geometry-of-boredom.aux	delete	aggressive cleanup candidate
example/hidden-files/geometry-of-boredom.log	delete	aggressive cleanup candidate
example/hidden-files/geometry-of-boredom.out	delete	aggressive cleanup candidate
example/hidden-files/history-before-function.aux	delete	aggressive cleanup candidate
example/hidden-files/history-before-function.log	delete	aggressive cleanup candidate
example/hidden-files/history-before-function.out	delete	aggressive cleanup candidate
example/hidden-files/procedural-ontology.aux	delete	aggressive cleanup candidate
example/hidden-files/procedural-ontology.log	delete	aggressive cleanup candidate
example/hidden-files/procedural-ontology.out	delete	aggressive cleanup candidate
example/hidden-files/procedural-ontology.toc	delete	aggressive cleanup candidate
example/hidden-files/recursive-continuation.aux	delete	aggressive cleanup candidate
example/hidden-files/recursive-continuation.log	delete	aggressive cleanup candidate
example/hidden-files/recursive-continuation.out	delete	aggressive cleanup candidate
example/hidden-files/recursive-continuation.toc	delete	aggressive cleanup candidate
example/hidden-files/threshold-of-deferral.aux	delete	aggressive cleanup candidate
example/hidden-files/threshold-of-deferral.log	delete	aggressive cleanup candidate
example/hidden-files/threshold-of-deferral.out	delete	aggressive cleanup candidate
experiments/Fractured Representations in Deep Learning.mhtml	delete	aggressive cleanup candidate
framework/Cursive Galactic/unified-encodings.aux	delete	aggressive cleanup candidate
framework/Cursive Galactic/unified-encodings.log	delete	aggressive cleanup candidate
framework/Cursive Galactic/unified-encodings.out	delete	aggressive cleanup candidate
framework/SGA/unified-encodings.aux	delete	aggressive cleanup candidate
framework/SGA/unified-encodings.log	delete	aggressive cleanup candidate
framework/SGA/unified-encodings.out	delete	aggressive cleanup candidate
framework/unified-encodings.aux	delete	aggressive cleanup candidate
framework/unified-encodings.log	delete	aggressive cleanup candidate
framework/unified-encodings.out	delete	aggressive cleanup candidate
manuscripts/amplitwist-cortical-columns/essay.aux	delete	aggressive cleanup candidate
manuscripts/amplitwist-cortical-columns/essay.log	delete	aggressive cleanup candidate
manuscripts/amplitwist-cortical-columns/essay.out	delete	aggressive cleanup candidate
manuscripts/applied-infrastructures/essay.aux	delete	aggressive cleanup candidate
manuscripts/applied-infrastructures/essay.log	delete	aggressive cleanup candidate
manuscripts/cognitive-action/essay.aux	delete	aggressive cleanup candidate
manuscripts/cognitive-action/essay.log	delete	aggressive cleanup candidate
manuscripts/cognitive-action/essay.out	delete	aggressive cleanup candidate
manuscripts/geodesics_of_attention_v1.toc	delete	aggressive cleanup candidate
manuscripts/geodesics_of_attention_v2.toc	delete	aggressive cleanup candidate
manuscripts/geodesics_of_attention_v3_cursive.toc	delete	aggressive cleanup candidate
manuscripts/geodesics_of_attention_v3_nova.toc	delete	aggressive cleanup candidate
manuscripts/geodesics_of_attention_v3_sga.toc	delete	aggressive cleanup candidate
manuscripts/geometry_of_constraints.toc	delete	aggressive cleanup candidate
manuscripts/geometry_of_constraints_v1.toc	delete	aggressive cleanup candidate
manuscripts/introduction/essay.aux	delete	aggressive cleanup candidate
manuscripts/introduction/essay.log	delete	aggressive cleanup candidate
manuscripts/island-of-equations/island-of-equations.aux	delete	aggressive cleanup candidate
manuscripts/island-of-equations/island-of-equations.log	delete	aggressive cleanup candidate
manuscripts/operator-ecology/essay.aux	delete	aggressive cleanup candidate
manuscripts/operator-ecology/essay.log	delete	aggressive cleanup candidate
manuscripts/operator-ecology/essay.out	delete	aggressive cleanup candidate
manuscripts/operator-ecology/essay.toc	delete	aggressive cleanup candidate
manuscripts/technical-appendix/essay.aux	delete	aggressive cleanup candidate
manuscripts/technical-appendix/essay.log	delete	aggressive cleanup candidate
monograph/essay.aux	delete	aggressive cleanup candidate
monograph/essay.log	delete	aggressive cleanup candidate
monograph/essay.out	delete	aggressive cleanup candidate
monograph/essay.toc	delete	aggressive cleanup candidate
physics/Inflation without Expansion.aux	delete	aggressive cleanup candidate
physics/Inflation without Expansion.log	delete	aggressive cleanup candidate
physics/Inflation without Expansion.out	delete	aggressive cleanup candidate
physics/Inflation without Expansion.toc	delete	aggressive cleanup candidate
physics/Synthetic Geometry.mhtml	delete	aggressive cleanup candidate
processing/Abstraction as Reduction.aux	delete	aggressive cleanup candidate
processing/Abstraction as Reduction.log	delete	aggressive cleanup candidate
processing/Abstraction as Reduction.out	delete	aggressive cleanup candidate
processing/Abstraction as Reduction.toc	delete	aggressive cleanup candidate
processing/Bootstrapping Utopia.aux	delete	aggressive cleanup candidate
processing/Bootstrapping Utopia.log	delete	aggressive cleanup candidate
processing/Bootstrapping Utopia.out	delete	aggressive cleanup candidate
processing/Bootstrapping Utopia.toc	delete	aggressive cleanup candidate
processing/Constraint Before Reference.aux	delete	aggressive cleanup candidate
processing/Constraint Before Reference.log	delete	aggressive cleanup candidate
processing/Constraint Before Reference.out	delete	aggressive cleanup candidate
processing/Exaptation Under Delayed Evaluation.aux	delete	aggressive cleanup candidate
processing/Exaptation Under Delayed Evaluation.log	delete	aggressive cleanup candidate
processing/Exaptation Under Delayed Evaluation.out	delete	aggressive cleanup candidate
processing/SITH Theory - draft 01.aux	delete	aggressive cleanup candidate
processing/SITH Theory - draft 01.log	delete	aggressive cleanup candidate
processing/SITH Theory - draft 01.out	delete	aggressive cleanup candidate
processing/SITH Theory - draft 02.aux	delete	aggressive cleanup candidate
processing/SITH Theory - draft 02.log	delete	aggressive cleanup candidate
processing/SITH Theory - draft 02.out	delete	aggressive cleanup candidate
processing/SITH Theory.aux	delete	aggressive cleanup candidate
processing/SITH Theory.log	delete	aggressive cleanup candidate
processing/SITH Theory.out	delete	aggressive cleanup candidate
processing/abstraction-draft-03.aux	delete	aggressive cleanup candidate
processing/abstraction-draft-03.log	delete	aggressive cleanup candidate
processing/abstraction-draft-03.out	delete	aggressive cleanup candidate
processing/abstraction-draft-03.toc	delete	aggressive cleanup candidate
processing/abstraction-draft-04.aux	delete	aggressive cleanup candidate
processing/abstraction-draft-04.log	delete	aggressive cleanup candidate
processing/abstraction-draft-04.out	delete	aggressive cleanup candidate
processing/distributed_industrial_cloud.toc	delete	aggressive cleanup candidate
projects/AI alignment critique.mhtml	delete	aggressive cleanup candidate
projects/Clarifying questions for rigorous improvement.mhtml	delete	aggressive cleanup candidate
projects/Consciousness as Rhythmic Cognitive Gait.mhtml	delete	aggressive cleanup candidate
projects/Formula glossary for flashcards.mhtml	delete	aggressive cleanup candidate
projects/Glossary of core formulas.mhtml	delete	aggressive cleanup candidate
projects/Holding back ideas.mhtml	delete	aggressive cleanup candidate
projects/Language as Holographic Predictive Medium.mhtml	delete	aggressive cleanup candidate
projects/Language as a generative system.mhtml	delete	aggressive cleanup candidate
projects/Modular RSVP stack.mhtml	delete	aggressive cleanup candidate
projects/Moral Platform Dynamics.mhtml	delete	aggressive cleanup candidate
projects/Proxy models and holography.mhtml	delete	aggressive cleanup candidate
projects/RSVP Stack_ Field-Theoretic Framework.mhtml	delete	aggressive cleanup candidate
projects/RSVP stack_ unified field theory across scales.mhtml	delete	aggressive cleanup candidate
projects/Translate to GitHub markdown.mhtml	delete	aggressive cleanup candidate
projects/entropic-redshift-slides.aux	delete	aggressive cleanup candidate
projects/entropic-redshift-slides.log	delete	aggressive cleanup candidate
projects/entropic-redshift-slides.out	delete	aggressive cleanup candidate
projects/entropic-redshift-slides.toc	delete	aggressive cleanup candidate
projects/entropic-redshift-supplement.aux	delete	aggressive cleanup candidate
projects/entropic-redshift-supplement.log	delete	aggressive cleanup candidate
projects/entropic-redshift-supplement.out	delete	aggressive cleanup candidate
projects/entropic-redshift.aux	delete	aggressive cleanup candidate
projects/entropic-redshift.log	delete	aggressive cleanup candidate
projects/entropic-redshift.out	delete	aggressive cleanup candidate
projects/field-ontologies.aux	delete	aggressive cleanup candidate
projects/field-ontologies.log	delete	aggressive cleanup candidate
projects/field-ontologies.out	delete	aggressive cleanup candidate
projects/processing/draft-01.aux	delete	aggressive cleanup candidate
projects/processing/draft-01.log	delete	aggressive cleanup candidate
projects/processing/draft-01.out	delete	aggressive cleanup candidate
projects/processing/draft-02.aux	delete	aggressive cleanup candidate
projects/processing/draft-02.log	delete	aggressive cleanup candidate
projects/processing/draft-02.out	delete	aggressive cleanup candidate
review/3D Vim Command Learning Game.mhtml	delete	aggressive cleanup candidate
review/Bruno’s Ark_ Allegory, Heresy, Justice.mhtml	delete	aggressive cleanup candidate
review/CMB Dipole Constraints in RSVP.mhtml	delete	aggressive cleanup candidate
review/Critique of RSVP Theoretical Framework.mhtml	delete	aggressive cleanup candidate
review/Critique of catharsis model.mhtml	delete	aggressive cleanup candidate
review/Encoding Ratchets in Cinema, Computation, Cosmology.mhtml	delete	aggressive cleanup candidate
review/Entropy as Infrastructure_ Computation and Heat.mhtml	delete	aggressive cleanup candidate
review/Escalation in LLMs.mhtml	delete	aggressive cleanup candidate
review/Gestural Control and Semantic Field Theory.mhtml	delete	aggressive cleanup candidate
review/Giordano Bruno Lost Work.mhtml	delete	aggressive cleanup candidate
review/Labeling and Sorting as Mathematical Partitions.mhtml	delete	aggressive cleanup candidate
review/Lamphron-Lamphrodyne Model_ Vacuum Dynamics.mhtml	delete	aggressive cleanup candidate
review/Law of Superset Entropy.mhtml	delete	aggressive cleanup candidate
review/Learning from punishment.mhtml	delete	aggressive cleanup candidate
review/List of working papers.mhtml	delete	aggressive cleanup candidate
review/Mathematical Theory of Artistic Expression.mhtml	delete	aggressive cleanup candidate
review/Misreading Sutton_s Lesson.mhtml	delete	aggressive cleanup candidate
review/OAP checklist critique.mhtml	delete	aggressive cleanup candidate
review/Origin of Endosymbiosis Term.mhtml	delete	aggressive cleanup candidate
review/Page improvement suggestions.mhtml	delete	aggressive cleanup candidate
review/Phantom protocol debunking.mhtml	delete	aggressive cleanup candidate
review/Postclassical narratology overview.mhtml	delete	aggressive cleanup candidate
review/RSVP applications overview.mhtml	delete	aggressive cleanup candidate
review/RSVP framework critique.mhtml	delete	aggressive cleanup candidate
review/RSVP_ Emotions as Entropy Attractors.mhtml	delete	aggressive cleanup candidate
review/Spectacle and success debate.mhtml	delete	aggressive cleanup candidate
review/Summary of Why Fish Don_t Exist.mhtml	delete	aggressive cleanup candidate
review/Universal embedding translation.mhtml	delete	aggressive cleanup candidate
screenplay/processing/main.aux	delete	aggressive cleanup candidate
screenplay/processing/main.log	delete	aggressive cleanup candidate
screenplay/the_fixed_point/main.toc	delete	aggressive cleanup candidate
semiotics/Embodied Intelligence.mhtml	delete	aggressive cleanup candidate
semiotics/Hallucinated Soundscapes.mhtml	delete	aggressive cleanup candidate
semiotics/Interactive Trope Mapping.mhtml	delete	aggressive cleanup candidate
semiotics/LRM reasoning limitations.mhtml	delete	aggressive cleanup candidate
semiotics/Project Summary List.mhtml	delete	aggressive cleanup candidate
semiotics/Soft Prompting.mhtml	delete	aggressive cleanup candidate
semiotics/The Babel Dilemma.mhtml	delete	aggressive cleanup candidate
soup/A summary of Music as Embodied cognition by Arnie Cox.mhtml	delete	aggressive cleanup candidate
soup/Foucault and Deleuze_ Philosophical Tensions.mhtml	delete	aggressive cleanup candidate
soup/Geometric Field Theory of Neural Representations.mhtml	delete	aggressive cleanup candidate
soup/Mind Melding in Action.mhtml	delete	aggressive cleanup candidate
soup/Semantic Flow Dynamics_ Torsion and Modal Coherence.mhtml	delete	aggressive cleanup candidate
sources/progress.log	delete	aggressive cleanup candidate
vorticon-invasion.mhtml	keep	internal reference
workspace/essay.aux	delete	aggressive cleanup candidate
workspace/essay.log	delete	aggressive cleanup candidate
workspace/essay.out	delete	aggressive cleanup candidate
workspace/monograph.aux	delete	aggressive cleanup candidate
workspace/monograph.log	delete	aggressive cleanup candidate
workspace/monograph.out	delete	aggressive cleanup candidate
workspace/monograph.toc	delete	aggressive cleanup candidate
