session	window	window_name	pane	pane_id	active	command	start_command	history_size	cwd
1	0	-	0	%1	1	bash	/usr/bin/byobu-shell	33050	/home/bonobo/adversaria
1	1	-	0	%2	1	bash	/bin/bash	97064	/home/bonobo/infographic
1	2	-	0	%3	1	bash	/bin/bash	64372	/home/bonobo/byobu-history-20261004-093047
1	3	-	0	%4	1	bash	/bin/bash	13143	/home/bonobo/alphabet
1	4	-	0	%9	1	bash	/bin/bash	1365	/home/bonobo/syntactitude
1	5	-	0	%5	1	bash	/bin/bash	73775	/home/bonobo/standardgalactic
1	6	-	0	%6	1	bash	/bin/bash	6796	/home/bonobo/alphabet
1	7	-	0	%7	1	bash	/bin/bash	64512	/home/bonobo
1	8	-	0	%8	1	bash	/bin/bash	0	/home/bonobo/linguistics/archive
